0.3223937050697771,0.75,0.5,false
0.5866181879650932,0.4,0.5,true
0.2863406860609067,0.3,0.75,0.7,0.5,false
0.24514674763919922,0.9,0.1,false
0.5938735934695036,0.3,0.7,true
0.39991990313791853,0.3,0.7,true
0.37889623186763105,0.3,0.4,0.7,0.2,false
0.6316339916774678,0.3,0.7,true
0.2848445960189369,0.3,0.4,0.75,0.7,0.2,0.5,false
0.374735997881975,0.3,0.4,0.4,0.7,0.5,0.2,false
0.592011694743223,0.3,0.7,true
0.6402731332322111,0.3,0.7,true
0.5966078263263673,0.3,0.4,0.4,0.75,0.7,0.5,0.2,0.5,false
0.3281703032324598,0.3,0.7,false
0.3364822918008661,0.3,0.4,0.7,0.5,false
0.5782308807859565,0.4,0.4,0.5,0.2,false
0.23220584509675377,0.3,0.4,0.75,0.7,0.5,0.5,false
0.24365518811719464,0.3,0.7,false
0.34235117501059553,0.3,0.4,0.7,0.5,false
0.2946424487238317,0.3,0.75,0.7,0.5,false
0.3863462294106207,0.3,0.7,true
0.3960101763246418,0.3,0.4,0.7,0.5,false
0.18343079578661323,0.3,0.7,false
0.26228397742075554,0.3,0.4,0.7,0.5,false
0.4085029155745634,0.3,0.7,true
0.663549116793234,0.3,0.4,0.7,0.5,true
0.5891129970368204,0.3,0.7,true
0.19601502765768658,0.3,0.7,false
0.5863516383327635,0.3,0.7,false
0.2502110505874101,0.4,0.5,false
0.4696412367259989,0.3,0.7,true
0.615811956784014,0.4,0.5,false
0.40941517752745127,0.3,0.7,false
0.2804986325373264,0.3,0.7,true
0.3635838569655505,0.3,0.4,0.7,0.5,true
0.23014906504464697,0.3,0.7,false
0.5715402943850635,0.3,0.4,0.7,0.5,false
0.19125601767071307,0.4,0.5,true
0.21792547098676426,0.3,0.7,false
0.37771463038590714,0.3,0.4,0.7,0.5,true
0.6811134683717648,0.3,0.4,0.9,0.7,0.5,0.1,true
0.2654320713808728,0.3,0.7,true
0.60234713425279,0.9,0.1,false
0.37179371380975523,0.3,0.4,0.7,0.5,false
0.1958506449215486,0.3,0.4,0.7,0.5,false
0.32855467909433833,0.3,0.7,false
0.27462944679340723,0.3,0.7,true
0.23154397597993887,0.3,0.7,false
0.280855793625415,0.3,0.7,false
0.3501339904591554,0.3,0.4,0.7,0.5,true
0.1825135366546621,0.3,0.4,0.7,0.5,false
0.28227186854870484,0.3,0.7,true
0.560167625293909,0.3,0.7,true
0.3588387736024375,0.3,0.4,0.7,0.5,false
0.3824845700356079,0.3,0.4,0.7,0.5,false
0.2160603506122493,0.4,0.5,false
0.2728572811527944,0.4,0.2,false
0.24828907799900116,0.4,0.2,true
0.380481835703238,0.4,0.2,true
0.21489928071135947,0.3,0.7,false
0.5417321152472137,0.3,0.4,0.7,0.2,false
0.5656462188584424,0.3,0.7,true
0.619335687917919,0.3,0.7,true
0.27881147330438927,0.3,0.4,0.7,0.2,false
0.6145999659506705,0.3,0.7,false
0.551007264554536,0.3,0.7,false
0.20931546377416216,0.3,0.7,false
0.3019799823520744,0.3,0.7,true
0.3785811054937221,0.9,0.1,true
0.23322803792721816,0.3,0.7,false
0.34645433086164157,0.3,0.7,false
0.5770346199399181,0.3,0.7,true
0.5767839685811856,0.3,0.7,true
0.6102497443596202,0.3,0.7,false
0.2824847734192112,0.3,0.7,false
0.6021033255361745,0.3,0.7,true
0.3852121675698357,0.3,0.7,false
0.5091884911896195,0.3,0.7,true
0.2359670887443849,0.9,0.1,false
0.2906063126875495,0.3,0.7,true
0.3816350048511153,0.3,0.7,true
0.24491387009891352,0.3,0.7,false
0.20839962997224792,0.3,0.7,false
0.3369980156582868,0.3,0.7,true
0.21581502219079396,0.3,0.7,true
0.23103211312276992,0.3,0.7,true
0.662845314885365,0.3,0.7,true
0.27943784881087813,0.9,0.1,true
0.6053845700257273,0.9,0.1,true
0.23186524986438503,0.9,0.1,true
0.2182305931931823,0.9,0.1,false
0.33536211840332686,0.3,0.7,true
0.24236591213728784,0.3,0.4,0.7,0.2,true
0.09547320130642452,0.3,0.4,0.4,0.7,0.5,0.2,false
0.6205231615702782,0.3,0.4,0.7,0.2,true
0.5981253948196106,0.3,0.4,0.7,0.2,true
0.2942108185487688,0.4,0.5,false
0.3055207849064314,0.3,0.4,0.7,0.5,false
0.24072329612611973,0.4,0.75,0.2,0.5,false
0.6650644585735809,0.4,0.5,false
0.4250694020626354,0.9,0.1,false
0.13989541052313617,0.9,0.1,false
0.25271083905475394,0.4,0.2,false
0.38974276140984565,0.4,0.4,0.9,0.5,0.2,0.2,false
0.3180988731287465,0.4,0.5,true
0.3911276069369653,0.4,0.5,true
0.1985222689004513,0.4,0.4,0.9,0.5,0.2,0.2,false
0.26873328300209526,0.4,0.5,true
0.5634472794312345,0.4,0.5,false
0.19401577722226904,0.4,0.5,false
0.14616171784779283,0.4,0.9,0.2,0.2,false
0.3251256254243311,0.4,0.9,0.2,0.2,false
0.581764002295689,0.4,0.4,0.5,0.2,true
0.39395095718101875,0.4,0.5,true
0.5103204431602198,0.4,0.5,true
0.3122194312539299,0.4,0.5,true
0.5894738371391268,0.4,0.5,true
0.1887738598368734,0.4,0.5,true
0.5529316513290478,0.4,0.5,true
0.5577153188574554,0.4,0.5,true
0.20222628829515155,0.4,0.5,false
0.5886215681270011,0.4,0.5,true
0.2926467763791678,0.4,0.5,true
0.2716600227096708,0.4,0.5,false
0.24318130732634258,0.4,0.5,false
0.290975403752584,0.4,0.5,true
0.5440810389884758,0.4,0.9,0.5,0.2,true
0.23242790572655708,0.4,0.5,false
0.2076410160286842,0.3,0.4,0.4,0.7,0.5,0.2,false
0.38564635902037464,0.3,0.4,0.7,0.2,false
0.5913807745630535,0.3,0.7,true
0.22890813187772222,0.3,0.7,false
0.3219407461296814,0.3,0.7,false
0.3045474016978185,0.3,0.4,0.7,0.2,false
0.3013043530265066,0.3,0.9,0.7,0.1,false
0.2803138208196666,0.3,0.4,0.7,0.2,false
0.3976707021229119,0.3,0.4,0.7,0.2,true
0.570018320867225,0.3,0.7,false
0.27855849401123384,0.9,0.2,true
0.26397783669278924,0.4,0.2,true
0.5388002430902171,0.3,0.7,true
0.42147508805489137,0.4,0.2,false
0.5642341607531791,0.3,0.4,0.7,0.2,true
0.593308373093862,0.3,0.4,0.7,0.2,true
0.32205550572329167,0.3,0.7,false
0.6818369103850179,0.4,0.2,false
0.20713545898931152,0.3,0.7,false
0.2635321472279405,0.3,0.4,0.7,0.2,false
0.5795067871854674,0.3,0.7,false
0.4953859475178486,0.3,0.4,0.9,0.7,0.2,0.2,true
0.3986160496462264,0.3,0.4,0.7,0.2,false
0.5694505238438274,0.3,0.4,0.7,0.2,false
0.1225115372953654,0.3,0.4,0.7,0.2,false
0.4330001533446443,0.3,0.7,false
0.4421108247569012,0.3,0.7,true
0.5562046149397697,0.3,0.4,0.7,0.2,true
0.2689389316123124,0.9,0.2,false
0.23673270844317765,0.3,0.4,0.7,0.2,false
0.2816109460149151,0.3,0.4,0.7,0.2,false
0.47349028390713893,0.3,0.4,0.7,0.2,true
0.5681518385597484,0.3,0.7,false
0.25754301874928204,0.3,0.7,false
0.4957309919004808,0.3,0.7,true
0.24624317370831827,0.3,0.4,0.7,0.2,false
0.10982505304860862,0.3,0.4,0.7,0.2,false
0.5690694267248672,0.4,0.2,false
0.33499719563795266,0.3,0.4,0.7,0.2,false
0.25609217473447704,0.4,0.2,false
0.27876248973302836,0.3,0.4,0.7,0.2,true
0.24517442183810564,0.3,0.7,true
0.23446657478902755,0.3,0.4,0.7,0.2,false
0.3850371166922811,0.3,0.4,0.9,0.7,0.2,0.2,true
0.6337841287006805,0.3,0.4,0.7,0.2,false
0.33437258283595167,0.3,0.7,false
0.17622382903207537,0.3,0.4,0.7,0.2,false
0.31913536059778325,0.4,0.2,true
0.2665253041792522,0.9,0.1,false
0.5624621316539621,0.3,0.4,0.7,0.2,true
0.45822783831504343,0.3,0.7,true
0.3228559227088963,0.3,0.4,0.7,0.2,false
0.33878187048931885,0.3,0.4,0.7,0.2,false
0.2851851282438859,0.4,0.4,0.5,0.2,false
0.1781131108649279,0.4,0.4,0.75,0.5,0.2,0.5,false
0.5464883000319288,0.3,0.4,0.7,0.5,true
0.2047463921169407,0.4,0.5,true
0.28030370725767684,0.4,0.4,0.75,0.5,0.2,0.5,false
0.24044176782646454,0.3,0.4,0.4,0.7,0.5,0.2,false
0.6068970880706435,0.4,0.4,0.5,0.2,false
0.2690811012431666,0.4,0.5,false
0.3458804342682427,0.4,0.4,0.75,0.5,0.2,0.5,false
0.6112889951510574,0.3,0.7,true
0.4825905714854585,0.3,0.75,0.7,0.5,true
0.5940137596348104,0.3,0.75,0.7,0.5,true
0.5836319756460167,0.3,0.7,true
0.31481313978052233,0.3,0.7,false
0.6131942784941486,0.3,0.7,true
0.24214106703427593,0.3,0.7,false
0.3211756066941386,0.3,0.7,false
0.18256942740093263,0.3,0.7,true
0.26964049407507007,0.3,0.75,0.7,0.5,false
0.2555249763166445,0.3,0.7,false
0.7114473200424056,0.3,0.7,true
0.5864773499941226,0.3,0.7,true
0.4357791122056657,0.3,0.7,true
0.37469201953049897,0.3,0.7,true
0.4220287673217013,0.3,0.7,false
0.5068679397047037,0.3,0.7,true
0.578722441425677,0.9,0.2,false
0.5781807610552293,0.3,0.7,true
0.5214159217295337,0.3,0.7,true
0.3630437236416665,0.3,0.7,true
0.19750184248141908,0.75,0.5,true
0.2528068039664072,0.3,0.7,true
0.6221953894564584,0.3,0.4,0.4,0.7,0.5,0.2,true
0.5153301307839795,0.3,0.4,0.7,0.2,true
0.530437322726714,0.4,0.75,0.5,0.5,true
0.3395068214579002,0.3,0.4,0.4,0.7,0.5,0.2,false
0.22803619415566273,0.3,0.4,0.4,0.7,0.5,0.2,false
0.35609909422807384,0.4,0.2,false
0.5853016838295445,0.3,0.9,0.7,0.1,true
0.26848983056830666,0.4,0.75,0.2,0.5,false
0.24877494383507334,0.3,0.7,false
0.40723356342673983,0.3,0.4,0.7,0.5,false
0.7101120076885516,0.3,0.75,0.7,0.5,true
0.5426134912458018,0.4,0.75,0.5,0.5,true
0.3032684318998385,0.3,0.7,true
0.18661896581019086,0.3,0.7,false
0.2529355552249062,0.3,0.7,false
0.5905329273244913,0.3,0.7,false
0.3149982095295702,0.9,0.1,false
0.541888988291071,0.9,0.1,false
0.19364373687272546,0.3,0.7,false
0.2203983054612003,0.3,0.7,false
0.5456819188385319,0.3,0.75,0.7,0.5,true
0.44254499260708824,0.4,0.9,0.5,0.1,true
0.5558108285313943,0.3,0.7,true
0.46466808910997687,0.3,0.7,true
0.27893041695820026,0.4,0.5,false
0.2646975193059936,0.3,0.4,0.7,0.5,false
0.6025833229128865,0.3,0.4,0.7,0.5,true
0.27580692381757277,0.3,0.7,false
0.4537773996211436,0.3,0.4,0.7,0.5,true
0.35903900753962564,0.3,0.7,false
0.6133948817768652,0.4,0.5,false
0.6039637003310538,0.3,0.4,0.7,0.5,true
0.4654007122429607,0.3,0.7,true
0.6487108472570022,0.3,0.4,0.7,0.5,true
0.5754750328652605,0.3,0.4,0.7,0.5,false
0.5355598634605203,0.9,0.2,true
0.20016286236699438,0.3,0.4,0.7,0.5,false
0.15945515301402707,0.3,0.7,false
0.6133597632351715,0.3,0.4,0.7,0.5,true
0.6030002993634591,0.3,0.4,0.7,0.5,false
0.27334677092828086,0.3,0.7,false
0.5818304312209515,0.3,0.4,0.7,0.5,false
0.5600400378569654,0.3,0.7,true
0.47105665862208285,0.3,0.4,0.7,0.5,false
0.5143057732936837,0.3,0.4,0.7,0.5,false
0.24371840132907927,0.3,0.4,0.7,0.5,true
0.25310424126011477,0.3,0.4,0.7,0.5,true
0.6160698209796533,0.4,0.5,true
0.5753544598323107,0.3,0.7,false
0.6966308464608358,0.3,0.4,0.7,0.5,true
0.3322890785389845,0.4,0.5,true
0.44890330880285256,0.3,0.4,0.7,0.5,true
0.2391209120720139,0.3,0.7,false
0.23045085377700678,0.3,0.4,0.7,0.5,true
0.23190748701577454,0.4,0.5,true
0.2288401715913007,0.3,0.7,false
0.5746821902895782,0.9,0.2,false
0.4953655128903577,0.3,0.7,true
0.5385586948921594,0.3,0.4,0.7,0.5,true
0.5353686412034346,0.3,0.4,0.7,0.5,false
0.5703287278932774,0.3,0.7,true
0.2681396730787621,0.4,0.5,false
0.2869795540788008,0.3,0.7,false
0.5886073945742722,0.3,0.7,false
0.5193017659309056,0.4,0.5,true
0.6151455053345285,0.3,0.7,true
0.27983124999711095,0.3,0.7,false
0.3046163351350927,0.3,0.7,true
0.2428258037720176,0.3,0.7,true
0.22793366256313097,0.4,0.5,false
0.5888296450935827,0.3,0.7,false
0.25804446493223243,0.3,0.7,false
0.2746763649200181,0.4,0.5,false
0.2273341069170309,0.3,0.7,false
0.38001457570539365,0.3,0.7,true
0.41695483459511173,0.3,0.7,true
0.24219941542827703,0.4,0.5,false
0.5726425445920289,0.3,0.4,0.7,0.5,true
0.1867286531028611,0.3,0.7,false
0.2509900414064681,0.4,0.5,false
0.6116783263692558,0.3,0.7,true
0.27655902561985857,0.3,0.7,false
0.37026589971726487,0.3,0.7,true
0.32942989486464436,0.3,0.7,false
0.610632124426622,0.3,0.7,true
0.31795632221436215,0.3,0.7,false
0.5566912519326989,0.3,0.7,true
0.49517699115998237,0.3,0.7,true
0.7053451520299077,0.3,0.7,true
0.49339097888485967,0.3,0.7,false
0.231283149568829,0.3,0.7,false
0.6539611427510164,0.3,0.7,true
0.3951712774292556,0.3,0.7,true
0.5043082809078938,0.3,0.7,false
0.5865532389661288,0.3,0.75,0.7,0.5,true
0.20370591390670142,0.3,0.7,false
0.3109772795993551,0.3,0.75,0.7,0.5,false
0.37618513667222286,0.3,0.7,true
0.26544061636549854,0.3,0.4,0.4,0.7,0.5,0.2,false
0.2915769400236789,0.3,0.4,0.75,0.7,0.2,0.5,false
0.3868411895946152,0.3,0.4,0.4,0.9,0.7,0.5,0.2,0.2,true
0.3410657908349561,0.4,0.5,true
0.37503650602138483,0.3,0.4,0.4,0.7,0.5,0.2,true
0.2615534119105091,0.3,0.4,0.7,0.2,false
0.30822123959335984,0.3,0.4,0.7,0.2,false
0.21715347674961138,0.3,0.7,false
0.5386484120439609,0.3,0.4,0.7,0.2,true
0.2869710080383573,0.3,0.4,0.9,0.7,0.2,0.1,false
0.5775489787324553,0.3,0.7,false
0.2963405570134467,0.75,0.5,false
0.532774621839058,0.75,0.5,true
0.40710537147224934,0.4,0.2,true
0.22477777077554298,0.3,0.4,0.7,0.5,false
0.7095436740780592,0.3,0.4,0.7,0.2,true
0.5530559402060885,0.3,0.4,0.4,0.7,0.5,0.2,true
0.3755341652136338,0.4,0.5,false
0.6136231978931852,0.3,0.4,0.4,0.7,0.5,0.2,true
0.2074027766663704,0.3,0.75,0.7,0.5,false
0.2679769153735859,0.75,0.5,true
0.27354524562613275,0.4,0.4,0.5,0.2,false
0.5340744900352701,0.4,0.5,true
0.33017047239204916,0.3,0.4,0.7,0.2,true
0.5521037242904471,0.4,0.5,true
0.24680475370247015,0.3,0.4,0.9,0.7,0.5,0.1,false
0.1913189342958892,0.3,0.4,0.75,0.7,0.2,0.5,false
0.24921323274555535,0.4,0.2,false
0.5822580995284847,0.3,0.4,0.7,0.2,false
0.5308966274439064,0.3,0.4,0.7,0.2,true
0.6891329682107779,0.3,0.4,0.7,0.5,true
0.22226516368516927,0.4,0.5,false
0.6196563599454196,0.3,0.7,false
0.28029886631022954,0.3,0.7,true
0.2788079991141435,0.4,0.2,false
0.496465076694838,0.4,0.4,0.9,0.5,0.2,0.2,true
0.23359211557611953,0.4,0.9,0.75,0.5,0.2,0.5,false
0.5837940329015601,0.3,0.4,0.7,0.5,false
0.3725308117530871,0.4,0.2,true
0.47578435590291046,0.3,0.4,0.4,0.75,0.7,0.5,0.2,0.5,true
0.21277275387490796,0.3,0.4,0.7,0.2,false
0.6748569585095833,0.4,0.2,true
0.31706261876197067,0.4,0.2,true
0.44835895010603555,0.4,0.2,true
0.19433511486565905,0.3,0.4,0.7,0.2,true
0.4569186507592434,0.3,0.9,0.4,0.7,0.1,0.2,true
0.3305214428656893,0.3,0.7,false
0.35412937160852,0.75,0.5,false
0.2783696366587589,0.3,0.7,false
0.5007617685104284,0.4,0.2,false
0.3641470974390964,0.9,0.2,false
0.5604675925044951,0.3,0.7,true
0.20059910334778377,0.3,0.7,false
0.3081019214916198,0.4,0.2,true
0.2570620507389211,0.3,0.7,true
0.5472423702412024,0.4,0.2,true
0.6219488532212766,0.3,0.7,true
0.1898113301881445,0.4,0.2,true
0.5233454242462271,0.3,0.75,0.7,0.5,true
0.33217163908430025,0.3,0.7,false
0.5373106375409605,0.3,0.75,0.7,0.5,false
0.6090523223916642,0.3,0.7,true
0.5760700453215801,0.9,0.1,true
0.603515220218511,0.3,0.7,false
0.21796115917844164,0.3,0.7,false
0.3084642644555156,0.3,0.7,true
0.30265518658909624,0.3,0.7,false
0.5670897196797797,0.3,0.7,true
0.36139408860643035,0.3,0.75,0.7,0.5,true
0.5256478078781788,0.3,0.7,true
0.2146034823343818,0.3,0.7,false
0.25928715240663713,0.3,0.7,false
0.2526136230358335,0.3,0.7,true
0.5241539383969847,0.3,0.7,true
0.33836306933840266,0.75,0.5,false
0.342132595809435,0.3,0.7,true
0.6170008953205838,0.75,0.5,false
0.35142290773848855,0.3,0.7,true
0.2982658077595153,0.3,0.7,false
0.6386377579992996,0.3,0.7,true
0.5731569008385482,0.3,0.7,true
0.5944748653136648,0.3,0.7,true
0.40849560104592486,0.75,0.5,false
0.5978182750631211,0.3,0.7,false
0.24096036502780677,0.3,0.7,false
0.5961436369636572,0.3,0.9,0.7,0.1,true
0.2607484466866559,0.3,0.7,false
0.28499795658429167,0.3,0.7,true
0.284840588551385,0.75,0.5,false
0.6001631378358567,0.3,0.7,true
0.16146629924148614,0.3,0.7,false
0.24855949163507524,0.3,0.7,false
0.6210877086460616,0.3,0.7,true
0.275399895338087,0.3,0.7,false
0.5716474845927652,0.75,0.5,false
0.4806312538622532,0.75,0.5,true
0.6039256095011204,0.3,0.7,true
0.41770090201219484,0.3,0.7,true
0.6183211516313388,0.3,0.7,true
0.22338295312432238,0.3,0.7,false
0.4440402885869284,0.75,0.5,true
0.5530861307733796,0.75,0.5,true
0.6209764084677223,0.75,0.5,true
0.6057299178043408,0.75,0.5,false
0.2573683223522334,0.3,0.4,0.4,0.75,0.7,0.5,0.2,0.5,true
0.2092648676739146,0.3,0.4,0.7,0.2,false
0.3868294343151753,0.4,0.5,true
0.532207752428332,0.4,0.75,0.2,0.5,false
0.27878755654752385,0.3,0.4,0.4,0.7,0.5,0.2,false
0.27047883634887193,0.3,0.4,0.7,0.5,true
0.46937504036785205,0.3,0.7,false
0.7208871346161748,0.4,0.5,true
0.7076217854963803,0.3,0.7,true
0.342428848343024,0.4,0.5,false
0.28485453755970475,0.3,0.75,0.7,0.5,true
0.2886818187174596,0.4,0.5,false
0.181316241575261,0.3,0.4,0.7,0.5,true
0.23792104816024467,0.4,0.5,false
0.14783477128131547,0.3,0.4,0.7,0.5,false
0.5968000565102803,0.3,0.75,0.7,0.5,false
0.37763775235073904,0.4,0.5,false
0.5071101347391587,0.75,0.5,false
0.4730279693176638,0.4,0.9,0.5,0.2,false
0.5050409122742412,0.4,0.5,true
0.4731299446977576,0.4,0.9,0.5,0.2,false
0.24338478531322033,0.4,0.9,0.5,0.2,true
0.27174699487163867,0.4,0.5,false
0.4074411886770777,0.4,0.9,0.5,0.2,false
0.34701003544562226,0.75,0.5,true
0.47457186262884266,0.4,0.5,true
0.23690605584063662,0.4,0.9,0.5,0.2,false
0.3318523067955286,0.75,0.5,false
0.624537224182319,0.4,0.5,true
0.5959193421194279,0.4,0.9,0.5,0.2,true
0.2005927586237658,0.4,0.9,0.5,0.2,false
0.5011280410557861,0.4,0.9,0.5,0.2,true
0.12914514790368942,0.4,0.9,0.5,0.2,false
0.25980884326065723,0.9,0.2,false
0.25425577066012545,0.75,0.5,true
0.6784002037913356,0.4,0.9,0.5,0.2,true
0.3514360383289825,0.75,0.5,true
0.27614271188140194,0.75,0.5,false
0.3348556876083296,0.4,0.5,false
0.14896260076648607,0.4,0.9,0.5,0.2,false
0.2816599928166076,0.4,0.9,0.5,0.2,true
0.5487779158915976,0.3,0.75,0.7,0.5,true
0.26970356464279904,0.4,0.4,0.5,0.2,false
0.5347060603804157,0.3,0.7,true
0.6039412872416289,0.4,0.5,false
0.28203693342773617,0.3,0.4,0.4,0.75,0.7,0.5,0.2,0.5,false
0.11037740354652364,0.3,0.4,0.4,0.7,0.5,0.2,false
0.31613342825375973,0.3,0.7,true
0.2617957673356114,0.4,0.2,true
0.5364447399577952,0.3,0.4,0.7,0.5,false
0.4295088326615697,0.3,0.4,0.4,0.7,0.5,0.2,false
0.4719127143083064,0.3,0.4,0.9,0.7,0.5,0.2,true
0.5067305155788456,0.3,0.4,0.4,0.7,0.5,0.2,true
0.17828843285695406,0.3,0.7,false
0.3154680121754033,0.3,0.7,false
0.5995251621704535,0.3,0.4,0.7,0.5,false
0.20176375920391898,0.3,0.4,0.75,0.7,0.5,0.5,true
0.2520104012748374,0.4,0.2,false
0.24007311396588907,0.3,0.4,0.7,0.5,true
0.5806330318332475,0.3,0.7,true
0.35498349678188934,0.75,0.5,true
0.40052350781594126,0.4,0.2,true
0.30169934556425926,0.4,0.9,0.5,0.2,false
0.40032170747408347,0.4,0.5,false
0.2971336991272691,0.4,0.5,true
0.2795133768557265,0.4,0.9,0.5,0.2,true
0.44874649326036536,0.4,0.9,0.5,0.2,true
0.21789972179180145,0.75,0.5,false
0.5873197433449237,0.4,0.9,0.5,0.2,false
0.2062723479771187,0.75,0.5,false
0.505628691475761,0.9,0.1,true
0.7488564414928158,0.4,0.9,0.5,0.2,true
0.6079336293851347,0.75,0.5,true
0.293065807339981,0.9,0.2,false
0.19247753834805584,0.75,0.5,true
0.2840863561428629,0.75,0.5,true
0.6009630233438209,0.4,0.5,true
0.3594832178814916,0.4,0.9,0.5,0.2,false
0.18791023303943105,0.4,0.75,0.5,0.5,false
0.562945253764036,0.4,0.9,0.75,0.5,0.2,0.5,true
0.3330720234877092,0.4,0.5,true
0.17043506329317049,0.9,0.75,0.2,0.5,false
0.32213776406511185,0.4,0.75,0.5,0.5,false
0.2583434026124384,0.75,0.5,true
0.6443884682446035,0.4,0.5,true
0.30089553104649674,0.75,0.5,false
0.5669554944384605,0.4,0.5,true
0.42211401557657124,0.4,0.9,0.75,0.5,0.2,0.5,false
0.2761357134166088,0.75,0.5,false
0.5465045333582093,0.4,0.5,true
0.2300709126105382,0.4,0.9,0.5,0.2,false
0.5941744218069965,0.75,0.5,true
0.30230060451888724,0.4,0.5,false
0.2279698180856597,0.4,0.5,false
0.5910981576149994,0.75,0.5,true
0.28719996874753073,0.4,0.9,0.75,0.5,0.2,0.5,true
0.38350278213365246,0.75,0.5,false
0.2426562706488701,0.75,0.5,true
0.3037980417883538,0.4,0.5,true
0.32892591006991223,0.4,0.5,false
0.5057496285796694,0.4,0.9,0.5,0.2,true
0.41721896208142495,0.4,0.5,true
0.1832347801902136,0.4,0.9,0.75,0.5,0.2,0.5,true
0.45508853155816753,0.9,0.2,true
0.6066686571904756,0.4,0.5,true
0.41391471211180997,0.4,0.5,true
0.4136108586385887,0.75,0.5,true
0.4879521243797934,0.4,0.75,0.5,0.5,true
0.6116030963989189,0.4,0.75,0.5,0.5,true
0.3166896954345028,0.4,0.9,0.5,0.2,true
0.23066359568804395,0.4,0.9,0.5,0.2,true
0.5063133948882644,0.4,0.5,true
0.20466008420019258,0.75,0.5,false
0.2673427350292921,0.75,0.5,true
0.24999395379490064,0.4,0.9,0.5,0.2,true
0.327796159928143,0.4,0.9,0.9,0.5,0.1,0.2,true
0.22635901749381962,0.4,0.9,0.5,0.2,false
0.23485690144081067,0.4,0.5,false
0.41494920489737497,0.4,0.5,true
0.2114784307330242,0.4,0.75,0.5,0.5,true
0.2925227963525836,0.75,0.5,true
0.5954037325167376,0.4,0.5,true
0.4660331278434314,0.4,0.5,true
0.5815427849239505,0.75,0.5,false
0.222101466927832,0.9,0.75,0.2,0.5,false
0.2483923106267056,0.75,0.5,false
0.3699099380116639,0.9,0.75,0.2,0.5,false
0.1777771260299149,0.4,0.9,0.5,0.2,false
0.3623640778028423,0.75,0.5,false
0.5371772986878989,0.9,0.2,false
0.7278360118592321,0.4,0.75,0.5,0.5,true
0.5338088140323065,0.4,0.9,0.5,0.2,true
0.28390425448596796,0.4,0.75,0.5,0.5,false
0.5041195605137572,0.4,0.9,0.5,0.2,true
0.25703808157941815,0.4,0.9,0.5,0.2,false
0.5358961474271673,0.75,0.5,false
0.23487425668585935,0.4,0.75,0.5,0.5,true
0.4050781018543711,0.4,0.75,0.5,0.5,false
0.6755334909883685,0.4,0.75,0.5,0.5,true
0.23431576608441712,0.4,0.5,true
0.23062262925389634,0.4,0.5,true
0.5717398785100645,0.75,0.5,true
0.4531629959302864,0.9,0.1,false
0.3099612784291681,0.4,0.9,0.5,0.2,false
0.20603481567182358,0.4,0.9,0.5,0.2,true
0.23427442294612313,0.75,0.5,false
0.13257187908529675,0.4,0.75,0.5,0.5,false
0.24587846578370334,0.3,0.4,0.7,0.5,false
0.3055813400857479,0.3,0.7,true
0.26006495093470317,0.3,0.75,0.7,0.5,false
0.27224491361918957,0.3,0.7,false
0.2608486430437463,0.3,0.4,0.7,0.2,false
0.6125505618172693,0.3,0.7,true
0.22605719662359736,0.4,0.2,false
0.2650174053519788,0.9,0.2,false
0.564802131754992,0.3,0.4,0.9,0.75,0.7,0.5,0.2,0.5,false
0.5963494835887823,0.4,0.5,true
0.5407370989912793,0.3,0.9,0.75,0.7,0.1,0.5,true
0.3857742867225803,0.3,0.4,0.75,0.7,0.2,0.5,false
0.5882749475917551,0.3,0.4,0.4,0.7,0.5,0.2,false
0.284047501079046,0.4,0.9,0.5,0.1,false
0.5708886300871803,0.3,0.7,true
0.2064730473358106,0.3,0.4,0.7,0.5,false
0.31733014753608907,0.3,0.4,0.7,0.5,false
0.3393020993993385,0.3,0.75,0.7,0.5,true
0.5583266293943058,0.3,0.7,true
0.33559013484517264,0.3,0.7,true
0.09344924336565988,0.3,0.4,0.9,0.7,0.5,0.2,false
0.5886221086740695,0.4,0.4,0.75,0.5,0.2,0.5,true
0.19981861776943202,0.3,0.4,0.9,0.4,0.7,0.5,0.1,0.2,false
0.6764753734696755,0.75,0.5,true
0.19310011516169834,0.4,0.4,0.9,0.5,0.2,0.2,false
0.2712055528347633,0.3,0.75,0.7,0.5,true
0.5359125612181522,0.3,0.7,true
0.3532186116465452,0.4,0.2,true
0.6057620554141491,0.3,0.4,0.4,0.7,0.5,0.2,true
0.3674295933684574,0.4,0.75,0.5,0.5,false
0.33111287340042905,0.4,0.2,true
0.7002713317297393,0.4,0.4,0.75,0.5,0.2,0.5,true
0.6141738866425813,0.75,0.5,false
0.4578858990657765,0.3,0.4,0.7,0.5,false
0.3804284921124249,0.3,0.4,0.75,0.7,0.2,0.5,false
0.5192415661022363,0.3,0.4,0.4,0.7,0.5,0.2,true
0.6093554001532815,0.3,0.4,0.7,0.5,true
0.5656456788531091,0.3,0.4,0.7,0.2,false
0.38764855839647344,0.75,0.5,false
0.18251981643721318,0.4,0.9,0.2,0.2,false
0.4887372493898309,0.4,0.2,true
0.2144044790287376,0.4,0.9,0.2,0.2,false
0.5877946322103608,0.3,0.4,0.7,0.2,false
0.3664338810063954,0.3,0.4,0.75,0.7,0.2,0.5,true
0.580829503400983,0.3,0.4,0.75,0.7,0.2,0.5,false
0.23802261700239763,0.4,0.2,true
0.27867356378258984,0.4,0.75,0.2,0.5,false
0.25544299495931583,0.3,0.7,true
0.32312093674859155,0.3,0.4,0.75,0.7,0.2,0.5,false
0.2981160262917955,0.75,0.5,true
0.2969247504204528,0.3,0.4,0.7,0.5,false
0.4836058121143998,0.3,0.4,0.4,0.7,0.5,0.2,true
0.6010723202258652,0.3,0.7,false
0.5736152122634379,0.3,0.7,true
0.20606069867449686,0.4,0.4,0.75,0.5,0.2,0.5,false
0.37832368482568146,0.3,0.7,true
0.40452623603426363,0.3,0.4,0.4,0.75,0.7,0.5,0.2,0.5,true
0.23872519942355136,0.3,0.4,0.7,0.5,false
0.28663581671870747,0.75,0.5,false
0.2933122829345419,0.3,0.9,0.75,0.7,0.1,0.5,false
0.23818283902644494,0.3,0.7,true
0.37807925468513603,0.4,0.4,0.5,0.2,false
0.3085714302537331,0.4,0.4,0.5,0.2,false
0.3086240774525205,0.4,0.9,0.5,0.1,false
0.4697509029094681,0.4,0.4,0.75,0.5,0.2,0.5,true
0.44836176110010445,0.3,0.4,0.7,0.2,false
0.6025833229128865,0.3,0.4,0.7,0.2,true
0.5181817371109124,0.4,0.5,true
0.5924255584784467,0.9,0.75,0.2,0.5,false
0.35877343100902254,0.4,0.75,0.5,0.5,false
0.23210557118314487,0.4,0.75,0.5,0.5,false
0.2536757991151503,0.75,0.5,false
0.49956012200023947,0.3,0.4,0.7,0.2,true
0.2355963187960456,0.3,0.4,0.7,0.2,false
0.33862013627314513,0.3,0.7,false
0.5935320266991326,0.3,0.7,true
0.35170022425435166,0.4,0.5,false
0.24476019609782484,0.4,0.9,0.5,0.2,false
0.3331448565135201,0.3,0.75,0.7,0.5,false
0.581052138582884,0.3,0.4,0.7,0.5,false
0.1907999018293719,0.75,0.5,false
0.4955430017552862,0.75,0.5,false
0.3664411753570754,0.3,0.4,0.7,0.2,false
0.5968796813637963,0.4,0.5,true
0.2708481446354706,0.3,0.4,0.75,0.7,0.5,0.5,true
0.3390476717068467,0.3,0.4,0.7,0.5,false
0.3439747434104713,0.3,0.4,0.7,0.5,false
0.23208427477852026,0.3,0.4,0.7,0.5,true
0.24983262941441406,0.4,0.5,false
0.5046320557392872,0.3,0.75,0.7,0.5,true
0.6983815794628524,0.3,0.4,0.7,0.2,true
0.25032898140916027,0.4,0.9,0.5,0.1,false
0.20845806635905562,0.4,0.9,0.5,0.2,true
0.3799211904889978,0.4,0.9,0.5,0.1,false
0.3389362991641362,0.4,0.9,0.5,0.2,false
0.22561501480113536,0.4,0.9,0.5,0.2,false
0.46668779815348904,0.75,0.5,false
0.2889796226378286,0.4,0.5,false
0.2865273551217969,0.4,0.9,0.5,0.1,true
0.675083773778493,0.4,0.9,0.5,0.1,true
0.4897651522004945,0.4,0.9,0.75,0.5,0.2,0.5,false
0.5698335424873628,0.4,0.9,0.75,0.5,0.1,0.5,true
0.23003234514967924,0.9,0.2,false
0.6096635089811001,0.75,0.5,true
0.36488238280113483,0.4,0.9,0.5,0.2,false
0.30562717820026625,0.3,0.4,0.7,0.5,false
0.5251867814655927,0.3,0.4,0.9,0.7,0.5,0.1,false
0.15853121637184014,0.3,0.7,false
0.6048083396496393,0.4,0.75,0.5,0.5,false
0.38039819630138194,0.3,0.4,0.7,0.5,true
0.25151225067581146,0.3,0.7,false
0.5590621141992351,0.3,0.4,0.7,0.5,true
0.2311959713545216,0.4,0.75,0.5,0.5,false
0.7149221362208871,0.3,0.4,0.4,0.7,0.5,0.2,true
0.35450492061863104,0.3,0.4,0.4,0.7,0.5,0.2,false
0.6704195909479868,0.3,0.7,true
0.6342220480307685,0.75,0.5,true
0.36949741470238445,0.75,0.5,true
0.6553924503318511,0.3,0.4,0.9,0.75,0.7,0.2,0.2,0.5,true
0.23664015405730593,0.4,0.5,false
0.24483604077398688,0.3,0.4,0.7,0.5,false
0.22851569410068678,0.4,0.5,true
0.2290173139264014,0.3,0.4,0.4,0.7,0.5,0.2,false
0.2156110748338805,0.3,0.75,0.7,0.5,true
0.6452810826828296,0.9,0.4,0.1,0.2,false
0.5795035801126824,0.75,0.5,true
0.2620431984048893,0.3,0.4,0.7,0.5,false
0.26382011330588356,0.3,0.7,false
0.22892477523997135,0.4,0.5,false
0.30347702176103525,0.3,0.7,false
0.3071285760254314,0.3,0.4,0.4,0.7,0.5,0.2,false
0.6049230748414224,0.4,0.5,true
0.23621691970035008,0.4,0.5,false
0.40174524379214066,0.3,0.4,0.7,0.5,true
0.23808820866915414,0.3,0.7,false
0.34696840036907384,0.3,0.4,0.7,0.5,false
0.2794422404911598,0.3,0.75,0.7,0.5,true
0.605291895914895,0.3,0.4,0.4,0.7,0.5,0.2,false
0.252109106229805,0.3,0.7,true
0.25365209081394197,0.4,0.4,0.5,0.2,false
0.7493919703575747,0.4,0.2,false
0.23435201026059677,0.3,0.4,0.9,0.7,0.5,0.1,false
0.43217554729567875,0.3,0.4,0.7,0.5,false
0.4380443442021689,0.3,0.4,0.4,0.7,0.5,0.2,true
0.2482575009299179,0.3,0.4,0.7,0.2,true
0.24301690375475332,0.3,0.75,0.7,0.5,false
0.5089023188654441,0.3,0.4,0.7,0.2,false
0.3007202674593049,0.4,0.4,0.75,0.5,0.2,0.5,true
0.5621804947696006,0.4,0.4,0.5,0.2,true
0.5999213839099071,0.3,0.7,true
0.34157762620731885,0.3,0.7,true
0.6622590498856412,0.3,0.7,true
0.332631403328584,0.3,0.4,0.7,0.2,false
0.5382236899152043,0.3,0.7,true
0.23054163756159263,0.3,0.4,0.7,0.2,true
0.4899400383702331,0.3,0.4,0.7,0.2,false
0.5538965788433914,0.3,0.4,0.7,0.2,false
0.29924105010490165,0.3,0.4,0.9,0.7,0.2,0.1,false
0.23689987715812044,0.3,0.75,0.7,0.5,false
0.6797636222353454,0.3,0.7,true
0.3906207729620519,0.3,0.4,0.4,0.7,0.5,0.2,false
0.6258965835931263,0.75,0.5,false
0.5753079315199228,0.4,0.4,0.5,0.2,true
0.26123676220725217,0.3,0.4,0.4,0.75,0.7,0.5,0.2,0.5,false
0.2410522290415651,0.3,0.4,0.4,0.75,0.7,0.5,0.2,0.5,false
0.23591485912735805,0.3,0.7,true
0.5647503903902471,0.4,0.5,true
0.38243174490399023,0.4,0.75,0.5,0.5,false
0.20071052110871337,0.3,0.75,0.7,0.5,false
0.5587167399514786,0.3,0.9,0.7,0.1,false
0.5971130561806224,0.4,0.5,true
0.33870808748538195,0.4,0.5,false
0.6143513746909612,0.3,0.7,false
0.21441533210316344,0.4,0.5,false
0.609183380721117,0.3,0.75,0.7,0.5,true
0.7266357800502967,0.3,0.7,true
0.5714268631101138,0.3,0.9,0.4,0.7,0.1,0.2,true
0.17451539666128554,0.4,0.4,0.5,0.2,false
0.5419979280825691,0.3,0.7,true
0.5150688831071848,0.3,0.4,0.7,0.2,false
0.4635541011784701,0.3,0.4,0.7,0.2,false
0.516375930223159,0.4,0.75,0.2,0.5,true
0.4557907857317317,0.4,0.5,false
0.2766027772676501,0.3,0.7,false
0.24416570923901995,0.3,0.4,0.7,0.2,true
0.16671546836908818,0.3,0.4,0.4,0.75,0.7,0.5,0.2,0.5,false
0.29253515207586767,0.3,0.4,0.7,0.5,true
0.28525461970978866,0.3,0.4,0.4,0.75,0.7,0.5,0.2,0.5,false
0.28532430380359086,0.4,0.5,true
0.19577715267420567,0.4,0.5,true
0.5803233733122517,0.4,0.75,0.5,0.5,false
0.6168076239507219,0.4,0.5,true
0.22923657591312813,0.3,0.4,0.75,0.7,0.5,0.5,true
0.2503072844292678,0.3,0.75,0.7,0.5,false
0.2324113604942485,0.3,0.9,0.4,0.75,0.7,0.1,0.2,0.5,false
0.2548766115585198,0.4,0.9,0.5,0.2,false
0.49638754168645516,0.4,0.4,0.5,0.2,false
0.5450471199365959,0.3,0.7,true
0.7257125851987303,0.75,0.5,false
0.3287115516219168,0.4,0.4,0.5,0.2,false
0.535614559597903,0.3,0.7,true
0.322142464874445,0.4,0.75,0.2,0.5,false
0.6103046004248444,0.3,0.4,0.7,0.5,true
0.5490067528653114,0.3,0.4,0.4,0.75,0.7,0.5,0.2,0.5,true
0.305371868669812,0.4,0.4,0.5,0.2,false
0.1803202543160452,0.3,0.7,false
0.30079016485186266,0.4,0.5,true
0.6112726728856968,0.4,0.5,false
0.23304791936755231,0.3,0.4,0.9,0.7,0.5,0.2,false
0.33596464263470005,0.3,0.4,0.7,0.2,false
0.5899204462639239,0.4,0.5,false
0.23616870244860202,0.3,0.75,0.7,0.5,false
0.334880057959238,0.3,0.7,false
0.4031751246439683,0.3,0.4,0.7,0.2,false
0.29745978138631723,0.4,0.4,0.5,0.2,false
0.3175537661768518,0.3,0.4,0.7,0.2,true
0.6124242610650278,0.75,0.5,true
0.3160444999638967,0.3,0.4,0.7,0.2,false
0.24993423722612093,0.4,0.2,false
0.46062922685618757,0.4,0.2,true
0.17205648062493575,0.3,0.7,false
0.19164817715450455,0.3,0.4,0.7,0.2,false
0.3302841565241576,0.3,0.7,true
0.6199389107791133,0.75,0.5,true
0.3313469091225869,0.3,0.7,false
0.33036691395645523,0.4,0.2,true
0.23679999892553252,0.3,0.4,0.4,0.7,0.5,0.2,false
0.6002211217100492,0.4,0.2,true
0.33833762708184056,0.3,0.7,true
0.5428295601056362,0.3,0.7,true
0.2655641244314146,0.75,0.5,false
0.3634299752671014,0.75,0.5,true
0.2233513873065602,0.3,0.75,0.7,0.5,false
0.7016927531896868,0.4,0.4,0.5,0.2,true
0.09955211924676433,0.3,0.4,0.4,0.75,0.7,0.5,0.2,0.5,false
0.2689157809284676,0.4,0.4,0.75,0.5,0.2,0.5,false
0.23700638934299412,0.9,0.2,false
0.6572037981233722,0.3,0.4,0.75,0.7,0.2,0.5,true
0.3901829847491378,0.3,0.4,0.4,0.7,0.5,0.2,true
0.23348563691966864,0.4,0.9,0.4,0.5,0.1,0.2,false
0.37475779132465403,0.3,0.7,true
0.23119787045252885,0.3,0.7,false
0.5473800274034735,0.4,0.2,true
0.43441159076194774,0.3,0.4,0.9,0.7,0.5,0.1,true
0.5800668108742859,0.3,0.9,0.7,0.2,true
0.6130483037205398,0.3,0.4,0.7,0.2,true
0.24508528646366076,0.3,0.4,0.7,0.2,true
0.3144356600692195,0.4,0.2,false
0.6129752460051145,0.4,0.2,true
0.3891230850084176,0.4,0.2,false
0.2244132157951062,0.4,0.2,false
0.2633349741043428,0.3,0.4,0.4,0.7,0.5,0.2,true
0.2933069852704321,0.3,0.4,0.7,0.2,true
0.24018474178427768,0.4,0.9,0.75,0.5,0.2,0.5,false
0.33455005358752793,0.4,0.4,0.9,0.5,0.2,0.2,true
0.3411579829952187,0.3,0.4,0.4,0.7,0.5,0.2,false
0.290873918857079,0.3,0.7,false
0.5894749696417058,0.9,0.1,true
0.6573226106167482,0.75,0.5,true
0.18148561664263702,0.3,0.7,false
0.23261077233853764,0.3,0.7,false
0.3001939563375189,0.3,0.7,true
0.4655322865070719,0.3,0.4,0.4,0.7,0.5,0.2,true
0.35272594405873287,0.3,0.7,false
0.6150315721263035,0.3,0.4,0.4,0.7,0.5,0.2,true
0.3403787548145086,0.3,0.4,0.7,0.5,false
0.29543543959509766,0.3,0.7,true
0.45676109624095845,0.3,0.7,false
0.5256923507430954,0.3,0.4,0.4,0.75,0.7,0.5,0.2,0.5,true
0.27282410149833003,0.3,0.4,0.9,0.7,0.5,0.2,true
0.313504585068924,0.4,0.4,0.5,0.2,false
0.5891834527876474,0.3,0.4,0.7,0.2,true
0.17710732920982145,0.3,0.7,false
0.3348277696651532,0.3,0.75,0.7,0.5,false
0.32374062634397116,0.3,0.4,0.7,0.2,true
0.22079275885975255,0.3,0.4,0.7,0.5,false
0.1881204613332115,0.3,0.4,0.4,0.75,0.7,0.5,0.2,0.5,false
0.3544648254572022,0.3,0.7,true
0.26551343277590334,0.3,0.4,0.7,0.2,false
0.30858662577727514,0.3,0.4,0.7,0.5,false
0.6917880557189787,0.3,0.7,true
0.5763025615690891,0.3,0.4,0.7,0.5,true
0.23492765486798245,0.3,0.7,true
0.1556655723407069,0.4,0.5,false
0.5964646434965436,0.3,0.4,0.7,0.5,false
0.42134830537695533,0.3,0.7,true
0.540564652507998,0.3,0.4,0.4,0.9,0.7,0.5,0.2,0.1,true
0.5197626626540669,0.4,0.2,false
0.5702796165585244,0.4,0.5,true
0.2949631346291888,0.75,0.5,true
0.2850539540678419,0.4,0.2,false
0.11874756933300609,0.4,0.4,0.5,0.2,false
0.430760501453837,0.4,0.4,0.5,0.2,true
0.2906481148220361,0.4,0.4,0.9,0.5,0.2,0.2,false
0.5581499222811803,0.3,0.7,false
0.5878371988149481,0.3,0.7,true
0.5561463804854425,0.4,0.5,false
0.45204011783322884,0.4,0.75,0.5,0.5,false
0.5856075754211599,0.4,0.5,true
0.22225569851978633,0.3,0.4,0.7,0.5,false
0.5765019836152019,0.3,0.9,0.7,0.2,true
0.45744128634161985,0.3,0.7,false
0.2805431030005078,0.75,0.5,true
0.17641955466054152,0.4,0.5,false
0.516586345305118,0.4,0.75,0.5,0.5,true
0.6077486366879331,0.4,0.5,true
0.6915271184970111,0.4,0.5,true
0.29798836684516766,0.9,0.2,false
0.15873318607703515,0.9,0.2,false
0.30584225515550023,0.3,0.75,0.7,0.5,true
0.5191653803540335,0.9,0.75,0.1,0.5,true
0.2849322318161026,0.3,0.4,0.75,0.7,0.2,0.5,false
0.5429706068950333,0.75,0.5,true
0.5549845883619774,0.3,0.7,false
0.6221860502329903,0.3,0.7,true
0.5049132440867828,0.4,0.2,true
0.2626245454270616,0.3,0.7,false
0.28142110701910306,0.3,0.4,0.7,0.2,false
0.322940467034347,0.3,0.4,0.7,0.2,false
0.10012288911864468,0.75,0.5,false
0.3353504639846965,0.4,0.5,false
0.2483430847772028,0.3,0.7,false
0.2005824228806185,0.75,0.5,false
0.23556733053998657,0.4,0.5,true
0.5071740732324194,0.4,0.5,true
0.32565752181561836,0.3,0.7,false
0.3353106846047821,0.3,0.7,true
0.24001015762456693,0.3,0.7,true
0.5553653482174931,0.3,0.7,false
0.21678652884056937,0.3,0.7,false
0.4946033286139678,0.3,0.4,0.75,0.7,0.5,0.5,true
0.2942277836723169,0.4,0.9,0.75,0.5,0.1,0.5,false
0.22937358759703064,0.3,0.4,0.75,0.7,0.5,0.5,false
0.2579464967204871,0.4,0.75,0.5,0.5,false
0.49347967668442927,0.3,0.75,0.7,0.5,true
0.2493067664720144,0.3,0.4,0.4,0.7,0.5,0.2,false
0.3879731582400068,0.3,0.4,0.4,0.7,0.5,0.2,true
0.4712815410841348,0.3,0.4,0.7,0.5,false
0.5525911380664021,0.3,0.7,true
0.16253204704638563,0.4,0.4,0.5,0.2,false
0.2598784082238489,0.3,0.4,0.4,0.7,0.5,0.2,false
0.30741565821518246,0.3,0.7,true
0.253129801097303,0.3,0.4,0.4,0.9,0.7,0.5,0.2,0.2,false
0.23593952003334112,0.3,0.4,0.4,0.7,0.5,0.2,false
0.581522820842879,0.4,0.5,true
0.6219299342825727,0.3,0.4,0.75,0.7,0.2,0.5,true
0.611350222819553,0.3,0.4,0.7,0.2,true
0.26001351312778537,0.3,0.4,0.9,0.7,0.5,0.2,false
0.5119476131732135,0.4,0.75,0.5,0.5,true
0.20541454906305812,0.9,0.2,false
0.387311325389204,0.3,0.4,0.75,0.7,0.2,0.5,false
0.47776398301860556,0.3,0.4,0.75,0.7,0.2,0.5,true
0.30566882311045424,0.4,0.4,0.5,0.2,true
0.18650577714897246,0.3,0.4,0.4,0.75,0.7,0.5,0.2,0.5,true
0.48623406782156264,0.3,0.7,false
0.3276622640857465,0.75,0.5,true
0.3586588803971682,0.3,0.4,0.4,0.75,0.7,0.5,0.2,0.5,false
0.1784696753482552,0.3,0.7,false
0.5853462666258584,0.3,0.7,true
0.2825570552526607,0.3,0.4,0.7,0.5,false
0.25693223038412305,0.4,0.2,false
0.7148063634369323,0.4,0.5,true
0.3481999755825186,0.4,0.75,0.5,0.5,false
0.23991287010951315,0.3,0.4,0.7,0.5,false
0.5149381640842792,0.3,0.4,0.7,0.5,true
0.5326590290323882,0.3,0.4,0.4,0.7,0.5,0.2,false
0.2560440695533907,0.3,0.4,0.7,0.5,false
0.23908387018625826,0.3,0.7,true
0.4654279894691078,0.3,0.7,true
0.6217861077883333,0.9,0.2,false
0.5451795209365432,0.3,0.7,true
0.34393895407191905,0.3,0.7,false
0.5312900364883681,0.3,0.4,0.7,0.5,true
0.31116069566761173,0.75,0.5,true
0.6261030508960568,0.75,0.5,true
0.5791211895075754,0.3,0.7,true
0.2010389808363617,0.75,0.5,false
0.229061526553267,0.9,0.2,false
0.19723649681889407,0.3,0.7,false
0.37945948510833427,0.3,0.7,true
0.3298717092754875,0.3,0.7,false
0.19382480568675764,0.3,0.7,false
0.4353062709506244,0.4,0.2,false
0.41119075944848893,0.3,0.7,false
0.3272777158875808,0.3,0.4,0.7,0.2,false
0.4053206852492579,0.4,0.5,true
0.31168402646515936,0.3,0.7,true
0.2911190886153055,0.3,0.7,false
0.28097283141538754,0.3,0.7,false
0.38495760757995634,0.3,0.9,0.4,0.7,0.1,0.2,false
0.31225656238559985,0.3,0.4,0.7,0.5,false
0.24220393060091752,0.4,0.2,true
0.5211275684064193,0.3,0.4,0.7,0.2,true
0.6146181300315937,0.4,0.5,false
0.6818803320089866,0.4,0.2,true
0.5738968490859714,0.3,0.4,0.7,0.5,true
0.6151941264641811,0.3,0.4,0.7,0.2,true
0.22771746688191158,0.4,0.4,0.5,0.2,false
0.2074639844582834,0.3,0.4,0.9,0.9,0.7,0.2,0.1,0.2,false
0.3857495226676077,0.3,0.4,0.7,0.2,false
0.3273375662039481,0.3,0.4,0.7,0.5,false
0.3318264257519934,0.4,0.4,0.5,0.2,false
0.5926360613607514,0.4,0.9,0.75,0.2,0.2,0.5,true
0.23698138675760158,0.3,0.7,true
0.5936048462767779,0.4,0.5,false
0.29414639798962733,0.3,0.7,true
0.591398068683767,0.3,0.7,true
0.2459958869655938,0.3,0.7,true
0.5592484334515134,0.75,0.5,true
0.6033721224731294,0.3,0.7,true
0.5731444654807651,0.3,0.7,false
0.46226212045896603,0.3,0.7,true
0.7095442755613873,0.3,0.7,true
0.24928502462076754,0.3,0.7,false
0.5677147810591148,0.3,0.7,false
0.5290337152816756,0.3,0.9,0.75,0.7,0.1,0.5,true
0.3143346561560366,0.75,0.5,true
0.33895886329993263,0.3,0.7,false
0.36825662333685505,0.3,0.7,true
0.2967938115522912,0.3,0.7,false
0.2389523484751989,0.3,0.75,0.7,0.5,false
0.3081001351609469,0.3,0.7,false
0.22050466582420344,0.3,0.7,true
0.19324113402050985,0.4,0.75,0.2,0.5,false
0.26989465999165624,0.3,0.7,true
0.2551825012923295,0.3,0.7,false
0.3153517865443661,0.3,0.7,false
0.619180039839991,0.4,0.4,0.5,0.2,false
0.500916954811645,0.4,0.5,true
0.546892455674293,0.75,0.5,true
0.5679511677847183,0.4,0.4,0.5,0.2,false
0.3531689570007824,0.75,0.5,false
0.1288723540701503,0.4,0.4,0.75,0.5,0.2,0.5,false
0.2940243273009496,0.4,0.9,0.2,0.2,false
0.3949025833991941,0.3,0.7,false
0.614430548725055,0.75,0.5,true
0.5766479878082696,0.3,0.7,true
0.30191784676984745,0.4,0.75,0.5,0.5,false
0.2343945157923025,0.3,0.7,false
0.32674385660690985,0.3,0.4,0.7,0.5,false
0.5311215794935351,0.3,0.4,0.4,0.75,0.7,0.5,0.2,0.5,false
0.41335258361510113,0.9,0.4,0.1,0.2,false
0.2763960297396991,0.4,0.2,true
0.23383824221860142,0.3,0.4,0.7,0.2,false
0.6031974084660662,0.3,0.4,0.4,0.7,0.5,0.2,true
0.21352905655948204,0.4,0.5,false
0.5201567324750749,0.4,0.2,false
0.13897846239649972,0.4,0.4,0.75,0.5,0.2,0.5,false
0.21797211792518426,0.4,0.5,false
0.2647027636160075,0.3,0.4,0.4,0.7,0.5,0.2,false
0.3428255259088159,0.4,0.75,0.2,0.5,false
0.4230808629128875,0.4,0.4,0.5,0.2,true
0.26915631009232216,0.3,0.4,0.4,0.7,0.5,0.2,true
0.22551792695936018,0.3,0.4,0.4,0.75,0.7,0.5,0.2,0.5,false
0.28512282624608654,0.3,0.4,0.7,0.5,false
0.3747651430098189,0.3,0.7,false
0.5378954926435299,0.9,0.1,false
0.5460154237618546,0.3,0.4,0.7,0.2,false
0.5763682910327147,0.3,0.7,true
0.5157990323433153,0.3,0.7,true
0.2774788445277211,0.3,0.7,true
0.5980401935909558,0.3,0.7,true
0.5631640466834871,0.3,0.4,0.7,0.2,true
0.2173773339122883,0.4,0.5,true
0.23739109961973423,0.3,0.4,0.7,0.5,false
0.46104414839300834,0.3,0.4,0.7,0.5,true
0.31532177156958974,0.3,0.75,0.7,0.5,true
0.31044853956217633,0.3,0.7,false
0.6202156862642784,0.3,0.4,0.7,0.5,false
0.1490537578021566,0.3,0.4,0.9,0.75,0.7,0.5,0.2,0.5,false
0.2092152433848809,0.3,0.7,false
0.30300385234499394,0.75,0.5,true
0.4455828659849961,0.3,0.9,0.7,0.1,false
0.24171698123711993,0.3,0.7,false
0.20976924678694206,0.3,0.4,0.4,0.75,0.7,0.5,0.2,0.5,false
0.26968945757366913,0.3,0.7,false
0.5630136730249029,0.3,0.4,0.7,0.5,true
0.25044235549501764,0.3,0.4,0.7,0.5,false
0.29114508784250576,0.4,0.5,false
0.2536585550620887,0.3,0.7,false
0.0987429598565248,0.3,0.4,0.9,0.75,0.7,0.5,0.1,0.5,false
0.20209180377309635,0.4,0.5,true
0.31807487616101154,0.3,0.4,0.75,0.7,0.5,0.5,false
0.5775273552882646,0.3,0.7,true
0.6030804039364948,0.3,0.4,0.7,0.2,true
0.3648164038451368,0.3,0.4,0.7,0.2,false
0.5992269274479082,0.3,0.4,0.7,0.2,false
0.3190056191668864,0.3,0.7,false
0.2575492115000498,0.4,0.9,0.2,0.2,false
0.573032855382525,0.3,0.7,false
0.45090899828982445,0.3,0.75,0.7,0.5,false
0.4218694834698256,0.3,0.4,0.7,0.2,false
0.5840480027441717,0.4,0.5,true
0.6321062920574756,0.4,0.4,0.5,0.2,true
0.25328626177575564,0.3,0.75,0.7,0.5,true
0.5848703395582328,0.3,0.7,false
0.6082890977979007,0.3,0.7,false
0.497506535810083,0.3,0.7,false
0.259175101365983,0.3,0.7,true
0.5344397988484603,0.3,0.9,0.7,0.2,true
0.5750834390735429,0.3,0.7,false
0.21769266504310433,0.3,0.7,true
0.4916210514697986,0.3,0.9,0.7,0.2,true
0.27247532566515875,0.3,0.7,true
0.6005988941645662,0.75,0.5,true
0.5073084076271237,0.3,0.9,0.7,0.2,true
0.5041690146645286,0.3,0.7,true
0.5627177048126493,0.3,0.7,true
0.2770068474071602,0.3,0.7,false
0.13992392362433717,0.3,0.75,0.7,0.5,false
0.36302339299793296,0.3,0.7,true
0.3480448103487409,0.3,0.7,true
0.5198702206279224,0.3,0.4,0.4,0.7,0.5,0.2,false
0.4938716723740729,0.4,0.9,0.4,0.5,0.1,0.2,true
0.6983151154328928,0.3,0.4,0.7,0.5,true
0.5739882044977193,0.4,0.5,true
0.19977795311772567,0.4,0.2,true
0.3889265532616991,0.3,0.7,true
0.2651541915505892,0.3,0.4,0.7,0.2,false
0.38843406917577294,0.3,0.4,0.7,0.2,true
0.09650551203989524,0.3,0.9,0.4,0.7,0.1,0.2,false
0.26205692033765055,0.3,0.75,0.7,0.5,false
0.28652581887797884,0.3,0.7,false
0.5123101445282441,0.3,0.4,0.7,0.2,false
0.5371079997111511,0.3,0.4,0.7,0.2,false
0.6890618910340767,0.4,0.2,true
0.447112213250156,0.4,0.5,false
0.2971398161613954,0.3,0.4,0.7,0.5,false
0.2934655124133251,0.3,0.4,0.75,0.7,0.5,0.5,false
0.37701977575233575,0.3,0.4,0.7,0.5,true
0.5780730495601603,0.75,0.5,true
0.23699217421008506,0.3,0.4,0.75,0.7,0.5,0.5,false
0.21796823698488763,0.3,0.7,false
0.5483419542381821,0.3,0.4,0.7,0.5,true
0.10576035039362645,0.3,0.4,0.4,0.7,0.5,0.2,false
0.549202640074983,0.3,0.75,0.7,0.5,false
0.254093301503811,0.4,0.5,true
0.2940085710509921,0.3,0.9,0.7,0.2,false
0.24031962021873005,0.3,0.7,false
0.346695195557606,0.4,0.2,false
0.2913892970077331,0.3,0.7,false
0.32983606101523183,0.3,0.4,0.7,0.2,false
0.09962237165692521,0.3,0.4,0.9,0.7,0.2,0.2,false
0.5945883755004561,0.3,0.7,true
0.24490768705434643,0.3,0.7,true
0.2551892351596231,0.75,0.5,false
0.2873846684814459,0.3,0.75,0.7,0.5,false
0.5816466757599611,0.3,0.7,false
0.6891337886717595,0.3,0.4,0.7,0.2,false
0.6121352835166818,0.3,0.7,false
0.541480754633899,0.4,0.2,true
0.5673909971262249,0.4,0.2,true
0.521229493984918,0.3,0.4,0.7,0.2,true
0.5792232177926355,0.3,0.7,true
0.6013092440447544,0.3,0.4,0.7,0.5,true
0.6052815532253784,0.3,0.7,false
0.6992836853125722,0.3,0.7,true
0.20130000566369008,0.4,0.4,0.5,0.2,false
0.22272219718997938,0.4,0.5,false
0.3704446630098319,0.4,0.4,0.5,0.2,true
0.5221626805619122,0.3,0.75,0.7,0.5,false
0.24530272406595213,0.3,0.7,false
0.27400165979695656,0.4,0.2,false
0.1497207800789141,0.4,0.4,0.9,0.5,0.2,0.2,true
0.18662398425534021,0.3,0.4,0.7,0.2,false
0.7207806572426168,0.4,0.5,true
0.47231148723853034,0.3,0.4,0.9,0.7,0.2,0.2,true
0.33916545422049577,0.3,0.4,0.7,0.5,true
0.24768912129389378,0.75,0.5,false
0.21883848227255967,0.4,0.9,0.75,0.5,0.2,0.5,false
0.5759031021691101,0.3,0.4,0.75,0.7,0.2,0.5,true
0.5544967737695441,0.4,0.9,0.2,0.2,false
0.40313223141221044,0.9,0.1,false
0.32820109116503227,0.4,0.4,0.75,0.5,0.2,0.5,false
0.3414189890259267,0.4,0.9,0.9,0.5,0.1,0.2,false
0.24123960441354947,0.4,0.75,0.2,0.5,false
0.24660763767816424,0.4,0.5,false
0.5375493236875456,0.4,0.2,true
0.2513462392091487,0.4,0.5,false
0.3315037872590639,0.4,0.5,true
0.3382664435629473,0.4,0.4,0.75,0.5,0.2,0.5,false
0.4247883107005331,0.4,0.4,0.9,0.5,0.2,0.2,false
0.31950079539054677,0.4,0.2,false
0.24350528962673448,0.4,0.9,0.4,0.5,0.1,0.2,false
0.4214860505697495,0.4,0.4,0.75,0.5,0.2,0.5,false
0.23729577677509486,0.4,0.5,true
0.24204482164720087,0.4,0.5,true
0.38060384321866625,0.3,0.4,0.75,0.7,0.2,0.5,false
0.3802365485912208,0.3,0.4,0.4,0.75,0.7,0.5,0.2,0.5,false
0.6044550246801511,0.75,0.5,true
0.29037244203762386,0.4,0.5,true
0.5176471632952647,0.4,0.9,0.4,0.5,0.1,0.2,true
0.3521441612584891,0.75,0.5,false
0.6855774271321059,0.3,0.4,0.7,0.5,false
0.14839890077697987,0.4,0.75,0.2,0.5,false
0.5839419715729961,0.3,0.7,true
0.3096422156572614,0.3,0.4,0.7,0.5,true
0.7327362458080907,0.3,0.4,0.7,0.5,true
0.5788657454888861,0.75,0.5,true
0.2973978242396551,0.3,0.4,0.7,0.5,false
0.2393420967106634,0.3,0.75,0.7,0.5,false
0.3936757358467238,0.4,0.4,0.75,0.5,0.2,0.5,true
0.5842817929816322,0.3,0.4,0.9,0.7,0.5,0.1,false
0.2667086071942703,0.3,0.4,0.75,0.7,0.5,0.5,false
0.5676103641746615,0.3,0.4,0.9,0.7,0.2,0.2,true
0.5165774560584311,0.3,0.4,0.7,0.2,false
0.39225191564882234,0.4,0.9,0.4,0.5,0.1,0.2,false
0.20190886252743465,0.4,0.5,false
0.25444392002869604,0.4,0.5,false
